"OverallQual","BedroomAbvGr","Fireplaces","FullBath","OpenPorchSF","BsmtFinSF1","LotFrontage","LotArea","HalfBath","WoodDeckSF","TotRmsAbvGrd","SalePrice","OverallCond","GrLivArea","houseAge","CentralAir_Y","BsmtQual_Fa","BsmtQual_Gd","BsmtQual_TA","HouseStyle_1Story","HouseStyle_2.5Story","HouseStyle_2Story","HeatingQC_Fa","HeatingQC_Gd","HeatingQC_TA","GarageType_Detchd","GarageType_noGarage","RoofMatl_notCompShg","PavedDrive_P","PavedDrive_Y","SaleType_WD","RoofStyle_notGable","Exterior1st_OtherSd","Exterior1st_VinylSd","ExterQual_TA","ExterCond_TA","Utilities_","Heating_GasW","Heating_Grav","Heating_OthW","Heating_Wall","LotConfig_CulDSac","LotConfig_FR2","LotConfig_Inside","LotShape_IR2","LotShape_IR3","LotShape_Reg","KitchenQual_Fa","KitchenQual_Gd","KitchenQual_TA","BsmtFinType1_BLQ","BsmtFinType1_GLQ","BsmtFinType1_Unf","BsmtCond_TA","Foundation_CBlock","Foundation_PConc","Electrical_SBrkr","BldgType_2fmCon","BldgType_Duplex","BldgType_Twnhs","Neighbor_Edwards","Neighbor_OldTown","sample_id"
7,3,0,2,61,706,8450,65,1,0,8,208500,5,1710,5,1,0,1,0,0,0,1,0,0,0,0,0,0,0,1,1,0,0,1,1,0,0,0,0,0,0,0,0,1,0,0,1,0,1,0,0,1,0,1,0,1,1,0,0,0,0,0,1
7,3,1,2,42,486,11250,68,1,0,6,223500,5,1786,7,1,0,1,0,0,0,1,0,0,0,0,0,0,0,1,1,0,0,1,1,0,0,0,0,0,0,0,0,1,0,0,0,0,1,0,0,1,0,1,0,1,1,0,0,0,0,0,2
8,3,1,2,159,0,9742,75,0,171,7,230000,5,1795,6,1,0,1,0,1,0,0,0,0,0,0,0,0,0,1,1,1,0,1,1,0,0,0,0,0,0,0,0,1,0,0,1,0,1,0,0,0,1,1,0,1,1,0,0,0,0,0,3
8,3,0,2,30,0,11049,85,0,0,7,179900,5,1234,1,1,0,0,0,1,0,0,0,0,0,0,0,0,0,1,1,0,0,1,1,0,0,0,0,0,0,0,0,0,0,0,1,0,1,0,0,0,1,1,0,1,1,0,0,0,0,0,4
5,3,0,1,0,280,9200,67.6827309236948,0,145,5,130250,6,938,33,1,0,1,0,1,0,0,0,0,1,1,0,0,0,1,1,1,0,1,1,1,0,0,0,0,0,1,0,0,0,0,0,0,0,1,1,0,0,1,1,0,1,0,0,0,0,0,5
7,3,0,2,70,0,11645,89,1,0,7,196500,5,1720,2,1,0,1,0,0,0,1,0,0,0,0,0,0,0,1,1,0,0,1,1,0,0,0,0,0,0,0,0,0,0,0,0,0,1,0,0,0,1,1,0,1,1,0,0,0,0,0,6
5,2,0,1,0,632,7200,60,0,196,4,124900,7,780,36,1,0,0,1,1,0,0,0,0,0,1,0,0,0,1,1,0,1,0,1,1,0,0,0,0,0,0,0,1,0,0,1,0,0,1,0,0,0,1,1,0,1,0,0,0,0,0,7
7,3,0,2,36,739,9375,67.6827309236948,1,576,8,219500,5,2034,12,1,0,1,0,0,0,1,0,0,0,0,0,0,0,1,1,0,0,1,1,1,0,0,0,0,0,0,0,1,0,0,1,0,1,0,0,1,0,1,0,1,1,0,0,0,0,0,8
7,3,0,2,29,1013,10665,72,0,144,7,226000,5,1479,4,1,0,1,0,1,0,0,0,0,0,0,0,0,0,1,1,0,0,1,1,0,0,0,0,0,0,0,0,1,0,0,0,0,1,0,0,1,0,1,0,1,1,0,0,0,0,0,9
4,3,0,1,0,588,8070,60,0,0,5,123600,5,990,13,1,0,1,0,1,0,0,0,0,0,0,1,0,0,1,1,0,0,1,1,1,0,0,0,0,0,0,0,1,0,0,1,0,0,1,0,1,0,1,0,1,1,0,0,0,0,0,10
6,3,0,2,162,648,9337,69,1,0,7,204750,5,1786,10,1,0,1,0,0,0,1,0,0,0,0,0,0,0,1,1,0,0,1,0,1,0,0,0,0,0,0,0,1,0,0,0,0,1,0,0,1,0,1,0,1,1,0,0,0,0,0,11
7,3,0,2,36,0,10402,94,0,0,6,198900,5,1226,1,1,0,1,0,1,0,0,0,0,0,0,0,0,0,1,1,0,0,1,1,1,0,0,0,0,0,0,0,0,0,0,0,0,1,0,0,0,1,1,0,1,1,0,0,0,0,0,12
7,4,1,2,184,984,9965,77,1,120,10,383970,5,2696,0,1,0,0,0,0,0,1,0,0,0,0,0,0,0,1,0,0,0,1,1,0,0,0,0,0,0,0,0,1,0,0,1,0,0,0,0,1,0,1,0,1,1,0,0,0,0,0,13
6,3,1,2,24,0,8461,65,1,0,8,163990,5,1456,1,1,0,1,0,0,0,1,0,0,0,0,0,0,0,1,0,0,0,1,1,0,0,0,0,0,0,0,0,1,0,0,1,0,1,0,0,0,1,1,0,1,1,0,0,0,0,0,14
7,3,0,2,24,1300,11645,78,0,160,7,260000,5,1734,1,1,0,1,0,1,0,0,0,0,0,0,0,0,0,1,1,0,0,1,1,0,0,0,0,0,0,0,0,1,0,0,1,0,1,0,0,1,0,1,0,1,1,0,0,0,0,0,15
7,3,0,2,29,679,10335,78,0,144,6,204000,5,1501,10,1,0,1,0,1,0,0,0,0,0,0,0,0,0,1,1,0,0,1,1,0,0,0,0,0,0,0,0,1,0,0,0,0,1,0,0,1,0,1,0,1,1,0,0,0,0,0,16
5,3,0,1,0,716,10356,120,1,0,5,122000,6,969,32,1,0,0,1,1,0,0,0,0,1,0,0,0,0,1,1,0,1,0,1,1,0,0,0,0,0,0,0,0,0,0,1,0,0,1,1,0,0,1,1,0,1,0,0,0,0,0,17
7,3,0,2,35,560,9017,68,0,0,6,192000,5,1431,10,1,0,1,0,1,0,0,0,0,0,0,0,0,0,1,1,0,0,1,1,0,0,0,0,0,0,0,0,1,0,0,0,0,1,0,0,1,0,1,0,1,1,0,0,0,0,0,18
5,3,0,1,0,390,7180,60,0,0,5,127000,7,864,36,1,0,0,1,1,0,0,0,0,1,1,0,0,0,1,1,1,1,0,1,1,0,0,0,0,0,0,0,1,0,0,0,0,0,1,0,0,0,1,1,0,1,0,0,0,0,0,19
6,1,1,1,0,662,4438,67.6827309236948,0,149,3,149000,5,848,4,1,0,1,0,1,0,0,0,0,0,0,0,0,0,1,1,0,0,1,1,0,0,0,0,0,0,0,0,1,0,0,1,0,1,0,0,1,0,1,0,1,1,0,0,1,0,0,20
6,3,0,1,36,378,10900,67.6827309236948,1,0,6,161750,7,1392,33,1,0,1,0,0,0,1,0,0,0,0,0,0,0,1,1,0,1,0,1,1,0,0,0,0,0,0,1,0,0,0,0,0,0,1,0,1,0,1,1,0,1,0,0,0,0,0,21
7,3,0,2,98,946,8450,65,0,139,8,210000,5,1436,4,1,0,1,0,1,0,0,0,0,0,0,0,0,0,1,1,0,0,1,1,0,0,0,0,0,0,0,0,1,0,0,1,0,1,0,0,1,0,1,0,1,1,0,0,0,0,0,22
7,2,0,2,33,0,8990,73,0,351,5,204900,5,1498,0,1,0,1,0,1,0,0,0,0,0,0,0,0,0,1,0,0,0,1,1,0,0,0,0,0,0,0,0,1,0,0,0,0,1,0,0,0,1,1,0,1,1,0,0,0,0,0,23
7,3,0,2,105,24,8773,65,0,132,6,185500,5,1414,6,1,0,1,0,1,0,0,0,0,0,0,0,0,0,1,1,0,0,1,1,0,0,0,0,0,0,0,1,0,0,0,1,0,1,0,0,1,0,1,0,1,1,0,0,0,0,0,24
7,3,0,2,68,0,11317,72,1,144,8,180000,5,1668,4,1,0,1,0,0,0,1,0,0,0,0,0,0,0,1,1,0,0,1,1,0,0,0,0,0,0,0,0,1,0,0,1,0,1,0,0,0,1,1,0,1,1,0,0,0,0,0,25
7,3,1,2,110,1334,8814,68,1,123,8,220000,5,1604,3,1,0,1,0,1,0,0,0,0,0,0,0,0,0,1,1,0,0,1,1,0,0,0,0,0,0,0,0,1,0,0,1,0,1,0,0,1,0,1,0,1,1,0,0,0,0,0,26
7,3,1,2,96,361,12435,80,1,0,7,231500,5,1792,7,1,0,1,0,0,0,1,0,0,0,0,0,0,0,1,1,0,0,1,1,0,0,0,0,0,0,0,0,1,0,0,1,0,1,0,0,1,0,1,0,1,1,0,0,0,0,0,27
8,3,1,2,51,0,15611,120,1,0,8,233230,5,1919,0,1,0,1,0,0,0,1,0,0,0,0,0,0,0,1,0,0,0,1,1,0,0,0,0,0,0,0,0,1,0,0,1,0,1,0,0,0,1,1,0,1,1,0,0,0,0,0,28
5,3,0,1,0,894,9800,70,0,256,5,149900,7,894,34,1,0,0,1,1,0,0,0,0,1,0,0,0,0,1,1,0,0,1,1,1,0,0,0,0,0,0,0,0,0,0,1,0,0,1,0,0,0,1,0,1,1,0,0,0,0,0,29
8,3,0,2,0,1464,10386,80,0,168,8,305900,5,2000,3,1,0,1,0,1,0,0,0,0,0,0,0,0,0,1,1,0,1,0,1,0,0,0,0,0,0,0,0,1,0,0,1,0,1,0,0,1,0,1,0,1,1,0,0,0,0,0,30
7,3,0,2,74,810,9135,70,0,192,7,214000,5,1536,6,1,0,1,0,1,0,0,0,0,0,0,0,0,0,1,1,0,0,1,1,0,0,0,0,0,0,0,0,1,0,0,1,0,1,0,0,1,0,1,0,1,1,0,0,0,0,0,31
7,4,1,2,48,0,8200,65,1,100,8,219500,5,1928,4,1,0,1,0,0,0,1,0,0,0,0,0,0,0,1,1,0,0,1,1,0,0,0,0,0,0,0,0,1,0,0,1,0,1,0,0,0,1,1,0,1,1,0,0,0,0,0,32
7,3,0,2,25,0,9382,93,0,120,6,191000,5,1479,9,1,0,1,0,1,0,0,0,0,0,0,0,0,0,1,1,0,0,1,1,0,0,0,0,0,0,1,0,0,0,0,0,0,1,0,0,0,1,1,0,1,1,0,0,0,0,0,33
5,2,0,1,0,777,7200,60,0,215,6,123000,5,894,37,1,0,0,1,1,0,0,0,0,1,1,0,0,0,1,1,1,0,0,1,1,0,0,0,0,0,0,0,1,0,0,1,0,0,1,0,0,0,1,1,0,1,0,0,0,0,0,34
7,3,1,2,61,385,10667,43,1,158,6,212000,6,1661,13,1,0,1,0,0,0,1,0,0,0,0,0,0,0,1,0,0,0,1,1,0,0,0,0,0,0,1,0,0,1,0,0,0,1,0,0,1,0,1,0,1,1,0,0,0,0,0,35
7,4,1,2,133,642,8750,70,1,144,8,210000,5,1908,14,1,0,1,0,0,0,1,0,0,0,0,0,0,0,1,1,0,0,1,0,0,0,0,0,0,0,0,0,1,0,0,1,0,1,0,0,1,0,1,0,1,1,0,0,0,0,0,36
5,3,0,2,0,616,8430,60,0,0,5,124000,5,1040,31,1,0,1,0,1,0,0,0,0,1,0,1,0,0,1,1,0,1,0,1,1,0,0,0,0,0,0,0,1,0,0,1,0,0,1,0,0,0,1,1,0,1,0,0,0,0,0,37
6,3,1,2,39,994,13125,75,0,140,7,208900,5,1493,11,1,0,1,0,1,0,0,0,0,0,0,0,0,0,1,1,0,0,1,1,1,0,0,0,0,0,0,0,1,0,0,1,0,1,0,0,1,0,1,0,1,1,0,0,0,0,0,38
6,3,0,2,36,706,9531,67.6827309236948,1,0,7,211000,5,1796,9,1,0,1,0,0,0,1,0,0,0,0,0,0,0,1,1,0,0,1,1,1,0,0,0,0,0,1,0,0,0,0,0,0,0,1,0,1,0,1,0,1,1,0,0,0,0,0,39
7,3,0,2,155,0,8924,57,1,120,8,188000,5,1724,10,1,0,1,0,0,0,1,0,0,0,0,0,0,0,1,1,0,0,1,1,1,0,0,0,0,0,1,0,0,0,0,0,0,1,0,0,0,1,1,0,1,1,0,0,0,0,0,40
8,3,1,2,0,1358,11423,67.6827309236948,0,180,6,272000,5,1601,9,1,0,1,0,1,0,0,0,0,0,0,0,0,0,1,1,0,0,1,1,0,0,0,0,0,0,0,0,1,0,0,1,0,1,0,0,1,0,1,0,1,1,0,0,0,0,0,41
6,1,0,1,0,685,4435,67.6827309236948,0,140,4,140000,5,848,6,1,0,1,0,1,0,0,0,0,0,0,0,0,0,1,1,0,0,1,1,0,0,0,0,0,0,0,0,1,0,0,1,0,1,0,0,1,0,1,0,1,1,0,0,1,0,0,42
7,3,1,2,36,922,12803,88,0,192,6,221000,5,1494,6,1,0,1,0,1,0,0,0,0,0,0,0,0,0,1,1,0,0,1,1,0,0,0,0,0,0,0,0,1,0,0,0,0,1,0,0,1,0,1,0,1,1,0,0,0,0,0,43
5,3,0,1,0,732,12464,82,0,168,6,152000,5,1040,13,1,0,1,0,1,0,0,0,1,0,1,0,0,0,1,1,0,0,1,0,1,0,0,0,0,0,0,0,0,1,0,0,0,1,0,0,1,0,1,0,1,1,0,0,0,0,0,44
9,3,2,2,142,904,11050,67.6827309236948,1,253,8,313000,5,2153,9,1,0,0,0,0,0,1,0,0,0,0,0,0,0,1,1,1,0,1,1,0,0,0,0,0,0,0,0,1,0,0,1,0,0,0,0,1,0,1,0,1,1,0,0,0,0,0,45
8,3,1,2,122,990,11885,67.6827309236948,1,160,7,261500,5,1872,8,1,0,1,0,0,0,1,0,0,0,0,0,0,0,1,1,0,0,1,1,0,0,0,0,0,0,0,0,1,0,0,1,0,0,0,0,1,0,1,0,1,1,0,0,0,0,0,46
7,2,1,2,120,0,8750,70,1,0,7,191000,5,1716,13,1,0,1,0,0,0,1,0,0,0,0,0,0,0,1,1,0,0,1,1,0,0,0,0,0,0,0,0,1,0,0,1,0,1,0,0,0,1,1,0,1,1,0,0,0,0,0,47
6,1,1,1,0,697,4426,67.6827309236948,0,149,3,141000,5,848,4,1,0,1,0,1,0,0,0,0,0,0,0,0,0,1,1,0,0,1,1,0,0,0,0,0,0,0,0,1,0,0,1,0,1,0,0,1,0,1,0,1,1,0,0,1,0,0,48
7,3,0,2,35,712,8400,70,0,0,7,213000,5,1484,6,1,0,1,0,1,0,0,0,0,0,0,0,0,0,1,1,0,0,1,1,0,0,0,0,0,0,0,0,1,0,0,1,0,1,0,0,1,0,1,0,1,1,0,0,0,0,0,49
5,3,1,1,0,523,9920,69,1,0,5,128500,6,971,37,1,0,1,0,1,0,0,0,0,1,0,0,0,0,1,1,0,1,0,1,1,0,0,0,0,0,0,0,1,0,0,0,0,0,1,0,0,0,1,1,0,1,0,0,0,0,0,50
6,1,0,1,0,662,4426,67.6827309236948,0,160,3,143000,5,848,6,1,0,1,0,1,0,0,0,0,0,0,0,0,0,1,1,0,0,1,1,0,0,0,0,0,0,0,0,1,0,0,1,0,1,0,0,1,0,1,0,1,1,0,0,1,0,0,51
7,2,0,2,0,724,7314,64,0,132,6,194500,5,1232,2,1,0,1,0,1,0,0,0,0,0,0,0,0,0,1,1,0,0,1,1,0,0,0,0,0,0,0,0,1,0,0,1,0,1,0,0,1,0,1,0,1,1,0,0,0,0,0,52
7,3,1,2,84,252,11404,75,1,192,8,222500,5,2031,10,1,0,1,0,0,0,1,0,0,0,0,0,0,0,1,1,0,0,1,1,0,0,0,0,0,0,0,0,1,0,0,0,0,1,0,0,0,0,1,0,1,1,0,0,0,0,0,53
7,3,0,2,56,0,9313,65,1,187,7,190000,5,1728,5,1,0,1,0,0,0,1,0,0,0,0,0,0,0,1,1,0,0,1,1,0,0,0,0,0,0,0,0,1,0,0,0,0,1,0,0,0,1,1,0,1,1,0,0,0,0,0,54
6,3,0,2,27,1200,9236,79,0,168,6,217000,5,1494,9,1,0,1,0,1,0,0,0,0,0,0,0,0,0,1,1,0,0,1,0,1,0,0,0,0,0,0,0,1,0,0,0,0,1,0,0,1,0,1,0,1,1,0,0,0,0,0,55
8,3,0,2,105,20,10769,68,1,144,7,212000,5,1768,2,1,0,1,0,0,0,1,0,0,0,0,0,0,0,1,1,0,0,1,1,0,0,0,0,0,0,0,0,1,0,0,0,0,1,0,0,1,0,1,0,1,1,0,0,0,0,0,56
7,3,1,2,33,24,9100,70,0,120,8,216837,5,1836,2,1,0,1,0,1,0,0,0,0,0,0,0,0,0,1,1,1,0,1,1,0,0,0,0,0,0,0,0,1,0,0,1,0,1,0,0,1,0,1,0,1,1,0,0,0,0,0,57
7,3,0,2,59,20,11210,86,0,144,7,221500,5,1614,1,1,0,1,0,1,0,0,0,0,0,0,0,0,0,1,0,0,0,1,1,0,0,0,0,0,0,0,0,1,0,0,0,0,1,0,0,1,0,1,0,1,1,0,0,0,0,0,58
7,3,0,2,33,0,16285,67,0,0,6,187100,5,1430,8,1,0,1,0,1,0,0,0,0,0,0,0,0,0,1,1,0,0,1,1,0,0,0,0,0,0,0,0,1,1,0,0,0,1,0,0,0,1,1,0,1,1,0,0,0,0,0,59
7,3,1,2,18,648,8199,63,1,36,7,189000,5,1456,3,1,0,1,0,0,0,1,0,0,0,0,0,0,0,1,1,0,1,0,1,0,0,0,0,0,0,0,0,1,0,0,1,0,1,0,0,1,0,1,0,1,1,0,0,0,0,0,60
6,1,1,1,0,662,4438,67.6827309236948,0,140,4,144500,5,848,4,1,0,1,0,1,0,0,0,0,0,0,0,0,0,1,0,0,0,1,1,0,0,0,0,0,0,0,0,1,0,0,1,0,1,0,0,1,0,1,0,1,1,0,0,1,0,0,61
7,3,0,2,34,0,12137,48,0,0,6,224900,5,1661,12,1,0,1,0,1,0,0,0,0,0,0,0,0,0,1,1,0,0,1,1,1,0,0,0,0,0,1,0,0,1,0,0,0,1,0,0,0,1,1,0,1,1,0,0,0,0,0,62
7,3,0,2,45,0,7226,72,1,0,6,183000,5,1640,5,1,0,1,0,0,0,1,0,0,0,0,0,0,0,1,1,0,0,1,1,0,0,0,0,0,0,1,0,0,0,0,0,0,1,0,0,0,1,1,0,1,1,0,0,0,0,0,63
5,3,0,1,0,0,9525,75,1,278,6,144000,6,1099,13,1,0,1,0,1,0,0,0,0,0,0,0,0,0,1,1,0,0,1,1,1,0,0,0,0,0,0,0,1,0,0,1,0,1,0,0,0,1,1,0,1,1,0,0,0,0,0,64
5,3,1,1,0,460,15523,36,0,0,5,133500,6,864,37,1,0,0,1,1,0,0,0,0,0,0,0,0,0,1,1,0,1,0,1,1,0,0,0,0,0,1,0,0,0,0,0,0,0,1,1,0,0,1,1,0,1,0,0,0,0,0,65
6,3,0,2,77,505,8750,70,1,0,7,200500,5,1682,12,1,0,1,0,0,0,1,0,0,0,0,0,0,0,1,1,0,0,1,1,1,0,0,0,0,0,0,0,1,0,0,1,0,1,0,0,1,0,1,0,1,1,0,0,0,0,0,66
5,3,0,1,0,646,7000,67.6827309236948,0,0,6,136500,8,864,31,1,0,0,1,1,0,0,0,0,0,0,0,0,0,1,1,0,0,1,0,0,0,0,0,0,0,1,0,0,0,0,0,0,0,1,0,0,0,1,1,0,1,0,0,0,0,0,67
8,3,1,2,151,0,11838,67.6827309236948,0,202,7,236500,5,1788,8,1,0,1,0,1,0,0,0,0,0,0,0,0,0,1,1,1,0,1,1,0,0,0,0,0,0,0,0,1,0,0,1,0,0,0,0,0,1,1,0,1,1,0,0,0,0,0,68
7,3,0,2,36,20,8487,63,0,192,6,190000,5,1500,5,1,0,1,0,1,0,0,0,0,0,0,0,0,0,1,1,0,0,1,1,0,0,0,0,0,0,0,1,0,0,0,1,0,1,0,0,1,0,1,0,1,1,0,0,0,0,0,69
7,3,1,2,96,0,14006,65,1,144,7,192500,5,1776,4,1,0,1,0,0,0,1,0,0,0,0,0,0,0,1,1,0,0,1,1,0,0,0,0,0,0,0,0,1,0,0,0,0,1,0,0,0,1,1,0,1,1,0,0,0,0,0,70
7,3,0,2,39,699,8450,65,0,0,6,185000,5,1337,4,1,0,1,0,1,0,0,0,0,0,0,0,0,0,1,1,0,0,1,1,0,0,0,0,0,0,0,0,1,0,0,1,0,1,0,0,1,0,1,0,1,1,0,0,0,0,0,71
9,2,0,2,136,0,11923,122,0,288,7,239000,5,1800,2,1,0,0,0,1,0,0,0,0,0,0,0,0,0,1,1,0,0,1,1,0,0,0,0,0,0,0,0,0,0,0,0,0,0,0,0,0,1,1,0,1,1,0,0,0,0,0,72
8,4,1,2,0,0,11250,67.6827309236948,1,0,9,255900,5,2290,6,1,0,1,0,0,0,1,0,0,0,0,0,0,0,1,1,0,1,0,1,0,0,0,0,0,0,0,0,0,0,0,1,0,1,0,0,0,1,1,0,1,1,0,0,0,0,0,73
6,3,0,2,35,0,8846,68,1,0,6,173900,5,1500,1,1,0,1,0,0,0,1,0,0,0,0,0,0,0,1,0,0,0,1,1,1,0,0,0,0,0,0,0,1,0,0,1,0,1,0,0,0,1,1,0,1,1,0,0,0,0,0,74
7,2,0,2,61,686,6762,64,0,105,6,206000,5,1208,4,1,0,1,0,1,0,0,0,0,0,0,0,0,0,1,1,0,0,1,1,0,0,0,0,0,0,0,0,1,0,0,1,0,1,0,0,1,0,1,0,1,1,0,0,0,0,0,75
7,3,1,2,66,690,11883,73,0,115,6,203000,5,1504,13,1,0,1,0,1,0,0,0,0,0,0,0,0,0,1,1,1,0,1,1,0,0,0,0,0,0,0,0,1,0,0,1,0,1,0,0,1,0,1,0,1,1,0,0,0,0,0,76
7,2,0,2,54,684,7406,64,0,105,6,194000,5,1220,0,1,0,1,0,1,0,0,0,0,0,0,0,0,0,1,0,0,0,1,1,0,0,0,0,0,0,0,0,1,0,0,1,0,1,0,0,1,0,1,0,1,1,0,0,0,0,0,77
5,3,0,1,0,138,7700,70,0,96,5,112500,5,882,35,1,0,0,1,1,0,0,0,0,1,1,0,0,0,1,1,0,0,1,1,1,0,0,0,0,0,0,0,0,0,0,1,0,0,1,1,0,0,1,1,0,1,0,0,0,0,0,78
7,3,0,2,136,986,8125,67.6827309236948,0,0,6,230000,5,1654,4,1,0,1,0,1,0,0,0,0,0,0,0,0,0,1,1,0,0,1,1,0,0,0,0,0,0,0,0,1,0,0,1,0,1,0,0,1,0,1,0,1,1,0,0,0,0,0,79
8,3,1,2,45,0,9240,67.6827309236948,1,0,7,287000,5,2263,7,1,0,1,0,0,0,1,0,0,0,0,0,0,0,1,1,0,0,1,1,0,0,0,0,0,0,0,0,1,0,0,1,0,1,0,0,0,1,1,0,1,1,0,0,0,0,0,80
5,3,0,1,0,686,9245,57,0,0,5,145000,5,990,14,1,0,1,0,1,0,0,0,0,0,1,0,0,0,1,1,0,0,1,1,1,0,0,0,0,0,0,0,1,1,0,0,0,0,1,0,1,0,1,0,1,1,0,0,0,0,0,81
7,3,1,2,20,0,11175,103,0,0,6,200141,5,1316,0,1,0,1,0,1,0,0,0,0,0,0,0,0,0,1,0,0,0,1,1,0,0,0,0,0,0,0,0,0,0,0,0,0,1,0,0,0,1,1,0,1,1,0,0,0,0,0,82
8,3,1,2,60,932,11367,90,1,199,7,255000,5,1989,4,1,0,1,0,0,0,1,0,0,0,0,0,0,0,1,1,0,0,1,1,0,0,0,0,0,0,0,0,0,0,0,1,0,1,0,0,1,0,1,0,1,1,0,0,0,0,0,83
7,2,0,2,93,0,8556,74,0,140,5,194000,5,1240,1,1,0,1,0,1,0,0,0,0,0,0,0,0,0,1,1,0,0,1,1,0,0,0,0,0,0,0,0,1,0,0,1,0,1,0,0,0,1,1,0,1,1,0,0,0,0,0,84
6,1,1,1,0,662,4435,37,0,140,3,155900,5,848,2,1,0,1,0,1,0,0,0,0,0,0,0,0,0,1,1,0,0,1,1,0,0,0,0,0,0,0,0,1,0,0,1,0,1,0,0,1,0,1,0,1,1,0,0,1,0,0,85
5,3,0,1,64,495,8775,65,0,0,5,126000,5,990,13,1,0,1,0,1,0,0,0,1,0,0,0,0,0,1,1,0,0,1,1,1,0,0,0,0,0,0,0,1,0,0,1,0,0,1,0,1,0,1,0,1,1,0,0,0,0,0,86
7,3,1,2,39,0,8749,70,0,192,6,192000,5,1459,5,1,0,1,0,1,0,0,0,0,0,0,0,0,0,1,1,0,0,1,1,0,0,0,0,0,0,0,0,1,0,0,1,0,1,0,0,0,1,1,0,1,1,0,0,0,0,0,87
6,3,1,2,22,24,9317,78,0,0,6,176432,5,1314,1,1,0,1,0,1,0,0,0,1,0,0,0,0,0,1,1,0,0,1,1,0,0,0,0,0,0,0,0,1,0,0,0,0,1,0,0,1,0,1,0,1,1,0,0,0,0,0,88
7,3,0,2,20,24,10084,84,0,144,7,212900,5,1552,1,1,0,1,0,1,0,0,0,0,0,0,0,0,0,1,0,0,0,1,1,0,0,0,0,0,0,0,0,1,0,0,1,0,1,0,0,1,0,1,0,1,1,0,0,0,0,0,89
8,4,1,3,144,1150,9965,77,0,125,11,424870,5,2828,1,1,0,0,0,0,0,1,0,0,0,0,0,0,0,1,0,1,0,1,1,0,0,0,0,0,0,0,0,1,0,0,1,0,1,0,0,1,0,1,0,1,1,0,0,0,0,0,90
8,3,0,2,33,0,10475,64,0,160,7,245350,5,1694,2,1,0,1,0,1,0,0,0,0,0,0,0,0,0,1,1,0,0,1,1,0,0,0,0,0,0,0,0,0,0,0,0,0,1,0,0,0,1,1,0,1,1,0,0,0,0,0,91
7,3,0,2,68,0,8935,68,1,144,7,195000,5,1660,7,1,0,1,0,0,0,1,0,0,0,0,0,0,0,1,1,0,0,1,1,0,0,0,0,0,0,0,0,1,0,0,0,0,1,0,0,0,1,1,0,1,1,0,0,0,0,0,92
7,3,0,2,0,0,9100,70,0,356,6,178000,5,1212,8,1,0,1,0,1,0,0,0,0,0,0,0,0,0,1,1,0,0,1,1,0,0,0,0,0,0,0,0,1,0,0,1,0,1,0,0,0,1,1,0,1,1,0,0,0,0,0,93
7,3,0,2,36,0,10400,80,1,198,6,197900,5,1779,11,1,0,1,0,0,0,1,0,0,0,0,0,0,0,1,1,0,0,1,1,1,0,0,0,0,0,0,0,0,0,0,1,0,1,0,0,0,1,1,0,1,1,0,0,0,0,0,94
7,3,1,2,234,0,9750,75,0,74,6,213000,5,1630,9,1,0,1,0,1,0,0,0,0,0,0,0,0,0,1,1,0,0,1,1,0,0,0,0,0,0,0,0,1,0,0,1,0,1,0,0,0,1,1,0,1,1,0,0,0,0,0,95
6,3,0,2,23,340,9135,70,0,192,7,200000,5,1700,3,1,0,1,0,1,0,0,0,0,0,0,0,0,0,1,1,0,0,1,1,0,0,0,0,0,0,0,0,1,0,0,1,0,1,0,0,1,0,1,0,1,1,0,0,0,0,0,96
7,4,1,2,48,0,12393,41,1,100,8,195000,5,1948,2,1,0,1,0,0,0,1,0,0,0,0,0,0,0,1,1,0,0,1,1,0,0,0,0,0,0,0,1,0,1,0,0,0,1,0,0,0,1,1,0,1,1,0,0,0,0,0,97
7,3,0,2,63,550,8158,65,1,0,8,224900,5,1768,5,1,0,1,0,0,0,1,0,0,0,0,0,0,0,1,1,0,0,1,1,0,0,0,0,0,0,0,0,1,0,0,1,0,1,0,0,1,0,1,0,1,1,0,0,0,0,0,98
7,3,0,2,72,788,9808,67,0,0,6,227000,5,1573,7,1,0,1,0,1,0,0,0,0,0,0,0,0,0,1,1,0,0,1,1,0,0,0,0,0,0,0,0,1,0,0,0,0,1,0,0,1,0,1,0,1,1,0,0,0,0,0,99
5,3,0,2,0,532,8800,61,0,0,5,150500,7,1040,32,1,0,1,0,1,0,0,0,0,1,1,0,0,0,1,1,0,1,0,1,1,0,0,0,0,0,0,0,1,0,0,0,0,1,0,1,0,0,1,1,0,1,0,0,0,0,0,100
5,3,0,1,64,746,8072,60,0,0,5,138000,5,990,15,1,0,1,0,1,0,0,0,0,0,1,0,0,0,1,1,0,0,1,0,1,0,0,0,0,0,0,0,1,0,0,1,0,0,1,0,0,0,0,0,1,1,0,0,0,0,0,101
8,3,1,2,42,0,10226,61,0,172,8,295493,5,1630,1,1,0,0,0,1,0,0,0,0,0,0,0,0,0,1,1,0,0,1,1,0,0,0,0,0,0,0,0,1,0,0,0,0,0,0,0,0,1,1,0,1,1,0,0,0,0,0,102
8,3,1,2,150,0,14781,67.6827309236948,0,198,7,275000,5,1787,5,1,0,1,0,1,0,0,0,0,0,0,0,0,0,1,1,1,0,1,1,0,0,0,0,0,0,1,0,0,1,0,0,0,1,0,0,0,1,1,0,1,1,0,0,0,0,0,103
7,3,0,2,91,700,13450,95,1,146,8,200000,5,1861,4,1,0,1,0,0,0,1,0,0,0,0,0,0,0,1,1,0,0,1,1,0,0,0,0,0,0,0,0,0,0,0,0,0,1,0,0,1,0,1,0,1,1,0,0,0,0,0,104
8,3,1,2,87,0,9375,67.6827309236948,1,192,7,228500,5,2169,5,1,0,1,0,0,0,1,0,0,0,0,0,0,0,1,1,0,0,1,1,0,0,0,0,0,0,0,0,1,0,0,1,0,1,0,0,0,1,1,0,1,1,0,0,0,0,0,105
7,3,1,2,184,735,10316,67.6827309236948,1,0,7,235000,5,1865,8,1,0,1,0,0,0,1,0,0,0,0,0,0,0,1,1,0,0,1,1,0,0,0,0,0,0,0,0,1,0,0,0,0,1,0,0,1,0,1,0,1,1,0,0,0,0,0,106
6,1,0,1,0,685,4435,67.6827309236948,0,140,4,144000,5,848,6,1,0,1,0,1,0,0,0,0,0,0,0,0,0,1,1,0,0,1,1,0,0,0,0,0,0,0,0,1,0,0,1,0,1,0,0,1,0,1,0,1,1,0,0,1,0,0,107
7,3,1,2,170,975,9750,75,1,253,8,274300,6,2097,8,1,0,1,0,0,0,1,0,0,0,1,0,0,0,1,1,0,0,1,1,1,0,0,0,0,0,0,0,0,0,0,1,0,1,0,0,1,0,1,0,1,1,0,0,0,0,0,108
7,3,0,2,36,1400,9100,70,0,219,6,235000,5,1525,6,1,0,1,0,1,0,0,0,0,0,0,0,0,0,1,1,0,0,1,1,0,0,0,0,0,0,0,0,1,0,0,1,0,1,0,0,1,0,1,0,1,1,0,0,0,0,0,109
7,2,1,2,55,0,6762,64,0,168,6,193879,5,1294,0,1,0,1,0,1,0,0,0,0,0,0,0,0,0,1,0,0,0,1,1,0,0,0,0,0,0,0,0,1,0,0,1,0,1,0,0,0,1,0,0,1,1,0,0,0,0,0,110
7,3,0,2,45,666,12420,79,1,0,6,230000,5,1840,8,1,0,1,0,0,0,1,0,0,0,0,0,0,0,1,1,0,0,1,1,0,0,0,0,0,0,0,0,1,0,0,1,0,1,0,0,1,0,1,0,1,1,0,0,0,0,0,111
6,1,0,1,0,686,4435,37,0,140,3,136500,5,848,5,1,0,1,0,1,0,0,0,0,0,0,0,0,0,1,1,0,0,1,1,0,0,0,0,0,0,0,0,1,0,0,1,0,1,0,0,1,0,1,0,1,1,0,0,1,0,0,112
6,1,1,1,0,697,4426,67.6827309236948,0,149,3,149300,5,848,4,1,0,1,0,1,0,0,0,0,0,0,0,0,0,1,1,0,0,1,1,0,0,0,0,0,0,0,0,1,0,0,1,0,1,0,0,1,0,1,0,1,1,0,0,1,0,0,113
7,3,0,2,60,0,8500,63,0,192,7,179600,5,1422,3,1,0,1,0,1,0,0,0,0,0,0,0,0,0,1,1,0,0,1,1,0,0,0,0,0,0,0,1,0,0,0,1,0,1,0,0,0,1,1,0,1,1,0,0,0,0,0,114
7,3,1,2,84,252,11404,75,1,192,8,222500,5,2031,10,1,0,1,0,0,0,1,0,0,0,0,0,0,0,1,1,0,0,1,1,0,0,0,0,0,0,0,0,1,0,0,0,0,1,0,0,0,0,1,0,1,1,0,0,0,0,0,115
7,3,0,2,33,0,16285,67,0,0,6,187100,5,1430,8,1,0,1,0,1,0,0,0,0,0,0,0,0,0,1,1,0,0,1,1,0,0,0,0,0,0,0,0,1,1,0,0,0,1,0,0,0,1,1,0,1,1,0,0,0,0,0,116
4,2,0,2,0,0,6040,65,0,0,6,82000,5,1152,53,0,0,0,1,1,0,0,0,0,1,0,1,0,0,0,1,0,1,0,1,1,0,0,0,0,0,0,0,1,0,0,1,1,0,0,0,0,1,0,0,1,0,0,1,0,1,0,117
4,3,0,1,0,520,10921,73,0,120,6,94750,5,960,42,1,0,0,1,1,0,0,0,0,1,0,0,0,1,0,1,1,1,0,1,1,0,0,0,0,0,0,0,1,0,0,1,0,0,1,0,0,0,1,1,0,0,0,0,0,1,0,118
6,4,0,2,0,444,9525,75,0,182,7,136900,4,1855,52,1,0,0,1,0,0,0,0,1,0,0,0,0,0,1,1,0,1,0,1,1,0,0,0,0,0,0,0,1,0,0,1,0,0,1,0,0,0,0,1,0,1,0,0,0,1,0,119
5,2,0,1,64,0,8536,74,1,80,5,155000,5,1125,1,1,0,1,0,1,0,0,0,1,0,0,0,0,0,1,0,0,0,1,1,1,0,0,0,0,0,0,0,0,0,0,1,0,0,1,0,0,1,1,0,1,1,0,0,0,1,0,120
6,2,0,1,8,0,9600,60,0,0,5,79000,5,1096,84,0,0,0,1,0,0,0,1,0,0,0,1,0,0,0,1,0,1,0,1,1,0,0,1,0,0,0,0,0,0,0,1,0,0,1,0,0,1,1,0,0,0,0,0,0,1,0,121
5,4,0,2,0,351,10106,62,0,140,6,127500,7,1355,68,1,0,0,1,0,0,0,0,1,0,0,1,0,0,1,1,0,1,0,0,1,0,0,0,0,0,0,0,1,0,0,1,0,0,1,0,0,0,1,0,0,1,1,0,0,1,0,122
6,4,1,2,29,477,12615,84,0,0,7,243000,7,2158,57,1,0,0,1,1,0,0,0,0,1,0,0,0,0,1,1,0,1,0,1,1,0,0,0,0,0,0,0,0,0,0,1,0,1,0,0,0,0,0,1,0,1,0,0,0,1,0,123
5,3,1,1,0,0,9060,60,0,116,7,120000,6,1340,50,1,0,0,1,1,0,0,0,0,0,0,0,0,0,1,1,1,1,0,1,1,0,0,0,0,0,0,0,1,0,0,1,0,0,1,0,0,1,0,0,1,1,0,0,0,1,0,124
7,3,0,2,40,0,2522,24,0,0,7,130000,5,1709,2,1,0,1,0,0,0,1,0,0,0,1,0,0,0,1,1,0,0,1,1,0,0,0,0,0,0,0,0,1,0,0,1,0,1,0,0,0,1,1,0,1,1,0,0,1,1,0,125
5,2,0,1,0,468,5604,67,0,0,5,98000,6,864,83,0,0,0,1,1,0,0,0,0,1,0,1,0,0,1,1,0,1,0,1,1,0,0,0,0,0,0,0,1,0,0,1,0,0,1,0,0,0,1,1,0,0,0,0,0,1,0,126
6,3,0,2,22,36,10420,83,0,100,6,186000,5,1212,1,1,0,1,0,1,0,0,0,0,0,0,0,0,0,1,1,0,0,1,1,1,0,0,0,0,0,0,0,0,0,0,1,0,1,0,0,1,0,1,0,1,1,0,0,0,1,0,127
6,3,1,1,140,94,8741,52,1,0,7,113000,4,1487,65,1,0,0,1,0,0,0,0,0,1,1,0,0,0,1,1,0,0,1,1,1,0,0,0,0,0,0,0,1,0,0,1,0,0,1,1,0,0,0,1,0,0,0,0,0,1,0,128
6,3,1,1,30,751,7917,67.6827309236948,1,370,6,148000,7,1113,31,1,0,0,1,1,0,0,0,0,1,0,0,0,0,1,1,1,1,0,0,1,0,0,0,0,0,0,0,0,0,0,0,0,0,1,1,0,0,0,1,0,1,0,0,0,1,0,129
5,3,1,1,0,292,11409,60,1,0,8,131000,4,1716,60,1,0,0,1,0,0,0,0,1,0,0,0,0,0,1,1,0,1,0,1,1,0,0,0,0,0,0,0,1,0,0,1,0,0,1,1,0,0,1,1,0,1,0,0,0,1,0,130
5,3,0,1,0,236,9084,60,0,48,5,95000,6,1111,67,0,0,0,1,0,0,0,0,0,1,1,0,0,0,1,0,0,0,1,1,1,0,0,0,0,0,0,0,1,0,0,1,0,0,1,1,0,0,0,1,0,1,0,0,0,1,0,131
1,1,0,0,0,350,10020,67.6827309236948,1,0,4,61000,1,904,87,0,1,0,0,1,0,0,0,1,0,0,1,0,0,1,1,0,1,0,1,1,0,0,0,0,0,0,0,1,0,0,0,1,0,0,1,0,0,0,0,0,0,0,0,0,1,0,132
5,5,0,1,151,0,8410,58,0,0,8,81000,3,1184,96,1,0,0,1,0,0,0,0,0,1,0,1,0,0,0,1,1,1,0,1,1,0,0,0,0,0,0,1,0,0,0,1,0,0,1,0,0,1,1,0,1,1,0,0,0,1,0,133
5,4,0,1,130,241,8405,50,0,0,7,119000,8,1367,108,1,0,0,1,0,0,0,0,0,0,1,0,0,0,1,1,0,0,0,1,1,0,0,0,0,0,0,0,1,0,0,1,0,0,1,0,0,0,0,0,0,1,0,0,0,1,0,134
5,3,0,1,0,739,9571,68,0,44,6,129000,6,1144,54,1,0,0,1,1,0,0,0,0,1,0,0,0,0,1,1,0,1,0,1,1,0,0,0,0,0,0,0,1,0,0,1,0,0,1,1,0,0,1,1,0,1,0,0,0,1,0,135
5,3,0,1,0,312,8160,60,1,0,7,126000,6,1134,67,0,0,0,1,0,0,0,1,0,0,1,0,0,1,0,1,0,0,0,1,1,0,0,0,0,0,0,0,1,0,0,1,0,0,1,0,0,0,1,0,0,0,0,0,0,1,0,136
6,3,0,1,46,0,12354,67,0,0,7,110000,8,1196,89,1,0,0,1,0,0,0,0,1,0,1,0,0,0,1,0,0,1,0,1,1,0,0,0,0,0,0,0,0,0,0,1,0,1,0,0,0,1,0,0,0,1,0,0,0,1,0,137
4,4,0,2,0,133,12108,92,0,0,8,118000,4,1440,53,0,0,0,1,1,0,0,0,0,1,0,1,0,0,1,1,0,0,1,1,1,0,0,0,0,0,0,0,1,0,0,1,1,0,0,0,0,0,1,1,0,0,0,1,0,1,0,138
6,3,1,1,0,0,9855,73,0,0,7,127500,5,1689,53,1,0,0,1,1,0,0,1,0,0,0,0,0,0,1,0,1,1,0,1,1,0,0,0,0,0,0,0,0,0,0,1,0,0,1,0,0,1,1,1,0,1,0,0,0,1,0,139
5,2,0,1,0,698,9170,70,0,0,6,140000,7,1214,42,1,0,0,1,1,0,0,0,0,0,1,0,0,0,1,1,1,0,0,1,1,0,0,0,0,0,0,0,0,0,0,1,0,0,1,0,0,0,1,1,0,1,0,0,0,1,0,140
4,2,0,1,0,348,9098,58,0,0,5,86000,7,605,87,1,0,0,1,1,0,0,0,0,0,0,1,0,0,0,1,0,1,0,1,1,0,0,0,0,0,0,0,1,0,0,0,0,0,1,0,0,0,1,0,0,1,0,0,0,1,0,141
5,3,0,1,0,969,7000,70,0,85,5,107500,7,1347,98,1,0,1,0,0,0,1,0,0,1,0,1,0,0,0,1,0,0,0,1,1,0,0,0,0,0,0,0,1,0,0,1,0,0,1,0,1,0,1,1,0,1,1,0,0,1,0,142
4,2,0,2,96,0,8777,67,0,0,5,108000,5,1126,60,1,0,0,1,1,0,0,0,0,0,1,0,0,0,0,1,0,0,1,1,1,0,0,0,0,0,0,0,1,0,0,1,0,1,0,0,0,1,0,1,0,1,0,0,0,1,0,143
5,3,1,1,0,290,13907,63,0,144,6,108000,6,996,68,1,0,0,1,1,0,0,0,0,0,0,1,0,0,1,1,0,1,0,1,1,0,0,0,0,0,0,0,1,0,0,1,0,0,1,1,0,0,1,1,0,1,0,0,0,1,0,144
6,4,1,2,36,0,21780,66,0,72,8,185000,7,1674,90,1,0,1,0,0,0,0,0,0,0,1,0,0,0,0,1,0,1,0,1,1,0,0,0,0,0,0,0,1,0,0,1,0,0,1,0,0,1,1,0,0,1,0,0,0,1,0,145
5,3,0,3,0,603,7800,78,0,103,8,225000,8,2008,58,1,0,0,1,0,0,1,0,0,0,0,0,0,0,1,1,0,0,0,0,1,0,0,0,0,0,0,0,1,0,0,1,0,0,0,0,1,0,0,1,0,1,0,0,0,1,0,146
5,2,0,1,0,0,8777,67,0,328,4,85000,7,796,98,1,1,0,0,1,0,0,0,1,0,0,1,0,1,0,1,0,0,0,1,1,0,0,0,0,0,0,0,1,0,0,1,0,0,1,0,0,1,1,1,0,0,0,0,0,1,0,147
6,3,2,1,0,500,10452,85,0,0,5,155000,5,1094,55,1,0,0,1,1,0,0,0,0,0,0,0,0,0,1,1,1,1,0,1,1,0,0,0,0,0,0,0,1,0,0,0,0,0,1,0,0,0,1,1,0,1,0,0,0,1,0,148
4,4,1,1,0,0,9084,60,0,120,7,108000,5,1510,69,1,0,0,1,0,0,1,0,0,1,1,0,0,1,0,1,0,0,0,1,1,0,0,0,0,0,0,0,1,0,0,1,0,0,1,0,0,1,1,1,0,1,0,0,0,1,0,149
5,3,0,1,0,637,9937,75,0,0,7,167000,7,1486,45,1,0,0,1,1,0,0,0,0,0,1,0,0,0,1,1,1,0,0,0,1,0,0,0,0,0,0,0,0,0,0,1,0,0,1,1,0,0,1,0,1,1,0,0,0,1,0,150
5,2,0,1,0,210,6420,57,0,0,6,123500,7,1148,54,1,0,0,0,1,0,0,1,0,0,1,0,0,0,1,1,0,1,0,1,1,0,0,0,0,0,0,0,1,0,0,0,0,0,1,1,0,0,0,0,1,0,0,0,0,1,0,151
9,3,1,2,64,1234,13286,86,0,327,8,320000,5,1698,2,1,0,0,0,1,0,0,0,0,0,0,0,0,0,1,1,1,1,0,1,0,0,0,0,0,0,0,0,1,0,0,0,0,0,0,0,1,0,1,0,1,1,0,0,0,1,0,152
5,3,0,3,0,1200,10800,60,0,120,5,179000,5,1200,22,1,0,1,0,1,0,0,0,0,1,0,1,0,0,1,1,0,1,0,1,1,0,0,0,0,0,0,0,1,0,0,1,0,0,1,0,1,0,0,1,0,1,0,1,0,1,0,153
4,4,0,2,0,0,8405,50,0,92,9,98000,3,1529,64,0,0,0,1,0,0,0,0,0,1,1,0,0,0,0,1,0,1,0,1,1,0,0,0,0,1,0,0,1,0,0,1,0,0,1,0,0,1,0,0,0,0,0,0,0,1,0,154
5,3,0,1,0,0,8248,45,1,207,7,116000,7,1250,88,1,0,0,1,0,0,0,0,1,0,1,0,0,1,0,1,0,1,0,1,1,0,1,0,0,0,0,0,1,0,0,1,1,0,0,0,0,1,1,0,0,1,0,0,0,1,0,155
5,3,0,1,0,352,11767,70,0,0,6,130500,6,1200,62,1,0,0,1,0,0,0,0,0,0,1,0,0,0,1,1,0,0,0,1,1,0,0,0,0,0,0,0,1,0,0,1,0,0,1,1,0,0,1,1,0,1,0,0,0,1,0,156
5,2,0,1,49,980,7024,60,1,0,5,157000,5,1090,2,1,0,0,0,1,0,0,0,1,0,0,0,0,0,1,1,0,0,1,1,1,0,0,0,0,0,0,0,1,0,0,1,0,0,1,0,0,0,0,0,1,1,0,0,0,1,0,157
5,3,0,1,0,0,16466,59,1,121,8,135500,7,1393,53,1,0,0,1,0,0,0,0,0,1,0,0,0,0,1,1,0,0,0,0,1,0,0,0,0,0,0,0,1,0,0,0,0,0,1,0,0,1,1,0,1,1,0,0,0,1,0,158
5,4,0,2,70,1084,8777,67,2,0,9,145900,7,2200,108,1,0,0,1,0,0,0,0,1,0,0,1,0,0,0,1,0,0,0,1,1,0,0,0,0,0,0,0,1,0,0,1,0,0,1,0,0,0,1,1,0,1,0,1,0,1,0,159
4,4,0,2,0,1440,7711,42,0,321,8,150000,3,1440,30,1,0,1,0,1,0,0,0,0,1,0,1,0,0,0,0,0,0,0,1,1,0,0,0,0,0,0,0,1,0,0,0,0,0,1,0,1,0,1,0,1,1,0,1,0,1,0,160
4,3,0,1,0,552,9450,68,0,0,5,110000,5,894,53,1,0,0,1,1,0,0,0,0,0,1,0,0,0,1,1,0,0,0,1,1,0,0,0,0,0,0,0,1,0,0,1,0,0,1,1,0,0,1,1,0,1,0,0,0,1,0,161
5,3,0,1,48,1040,10880,68,0,0,5,125000,5,1164,58,0,0,0,1,1,0,0,0,0,1,1,0,0,0,1,0,0,0,0,1,1,0,1,0,0,0,0,0,1,0,0,1,0,0,1,0,0,0,1,1,0,1,1,0,0,1,0,162
3,2,0,1,0,0,10206,74,0,0,4,82000,3,944,57,0,0,0,1,1,0,0,1,0,0,1,0,1,0,1,1,1,1,0,1,1,0,1,0,0,0,0,0,0,0,0,1,1,0,0,0,0,1,0,0,0,0,0,0,0,1,0,163
4,2,0,1,64,1024,7024,60,1,252,5,176000,5,1132,3,1,0,1,0,1,0,0,0,0,0,0,0,0,0,1,1,0,0,1,1,1,0,0,0,0,0,0,0,1,0,0,1,0,1,0,0,1,0,1,0,1,1,0,0,0,1,0,164
4,3,0,1,0,0,11500,67.6827309236948,0,186,5,84000,3,845,52,0,0,0,1,1,0,0,0,0,0,1,0,0,0,0,1,0,1,0,0,1,0,0,0,0,0,1,0,0,0,0,0,0,0,1,0,0,1,0,0,0,1,0,0,0,1,0,165
3,4,1,2,0,0,13680,67.6827309236948,0,0,8,139600,5,1733,54,1,0,0,1,1,0,0,0,0,0,0,0,0,0,1,1,1,1,0,1,1,0,0,0,0,0,1,0,0,0,0,0,0,0,1,0,0,1,0,0,0,0,0,0,0,1,0,166
4,2,0,1,0,0,11100,60,0,0,6,84900,7,930,64,1,0,0,1,1,0,0,0,0,0,1,0,0,0,1,1,0,0,0,1,1,0,0,0,0,0,0,0,1,0,0,1,0,1,0,0,0,1,0,1,0,1,0,0,0,1,0,167
5,4,1,1,78,383,8562,68,0,116,7,144500,6,1526,53,1,0,0,1,1,0,0,0,0,0,0,0,0,0,1,1,1,1,0,1,1,0,0,0,0,0,0,0,1,0,0,1,0,0,1,0,0,0,1,1,0,0,0,0,0,1,0,168
5,4,1,1,0,0,7585,50,0,0,7,91500,3,1456,58,1,1,0,0,0,0,0,1,0,0,1,0,0,1,0,1,0,0,0,1,1,0,0,0,0,0,0,0,1,0,0,1,0,0,1,0,0,1,0,1,0,0,0,0,0,1,0,169
6,3,0,1,0,535,7950,75,1,252,6,159500,6,1426,32,1,0,0,1,0,0,1,0,0,1,0,0,0,0,1,1,1,1,0,1,1,0,0,0,0,0,0,0,0,0,0,0,0,0,1,1,0,0,1,1,0,1,0,0,0,1,0,170
7,3,0,2,40,0,2522,24,0,0,7,137500,5,1709,2,1,0,1,0,0,0,1,0,0,0,1,0,0,0,1,1,0,0,1,1,0,0,0,0,0,0,0,0,1,0,0,1,0,1,0,0,0,1,1,0,1,1,0,0,1,1,0,171
4,3,0,1,0,0,8926,67.6827309236948,0,64,5,112000,3,960,53,1,0,0,1,1,0,0,0,0,0,0,0,0,0,1,0,0,1,0,1,1,0,0,0,0,0,0,0,0,0,0,0,0,0,1,0,0,1,1,1,0,0,0,0,0,1,0,172
5,2,0,1,200,0,9405,50,0,0,4,118000,9,698,62,1,0,0,1,1,0,0,0,0,0,0,1,0,0,1,1,1,0,1,0,1,0,0,0,0,0,0,0,1,0,0,1,0,0,1,0,0,1,1,1,0,1,0,0,0,1,0,173
4,2,0,1,0,348,12180,60,0,0,5,80000,4,924,69,0,0,1,0,0,0,0,1,0,0,1,0,0,0,1,1,0,0,0,1,1,0,0,1,0,0,0,0,1,0,0,1,1,0,0,1,0,0,1,0,0,0,1,0,0,1,0,174
5,3,2,1,140,176,17755,134,1,0,6,149900,4,1466,47,1,0,0,1,1,0,0,0,0,1,0,0,0,0,1,1,0,1,0,1,1,0,0,0,0,0,0,0,1,0,0,1,1,0,0,1,0,0,1,1,0,1,0,0,0,1,0,175
6,4,2,2,0,626,13728,120,0,0,7,235000,7,2108,73,1,0,0,1,0,0,1,0,0,0,0,0,0,0,1,1,1,1,0,1,1,0,0,0,0,0,0,0,0,0,0,1,0,1,0,0,0,0,1,1,0,1,0,0,0,1,0,176
5,3,1,1,36,0,8335,77,0,0,5,93000,5,1124,52,1,0,0,1,1,0,0,0,1,0,0,1,0,0,0,1,0,1,0,1,1,0,0,0,0,0,0,0,0,0,0,1,0,0,1,0,0,1,0,0,0,1,0,0,0,1,0,177
5,4,0,1,0,392,9738,60,0,0,7,104900,7,1221,82,1,0,0,1,0,0,0,0,1,0,0,0,0,0,1,1,0,1,0,0,1,0,0,0,0,0,0,0,1,0,0,1,0,0,1,1,0,0,1,0,0,1,0,0,0,1,0,178
4,2,0,1,113,344,9340,50,0,0,4,113000,6,672,68,1,0,0,1,1,0,0,0,0,1,0,0,0,0,0,1,1,0,0,1,1,0,0,0,0,0,0,0,1,0,0,1,0,0,1,0,0,0,1,1,0,1,0,0,0,1,0,179
7,3,1,2,128,0,6931,60,1,178,7,165400,5,1656,5,1,0,1,0,0,0,1,0,0,0,0,0,0,0,1,1,0,0,1,1,0,0,0,0,0,0,0,0,1,0,0,1,0,1,0,0,0,1,1,0,1,1,0,0,0,1,0,180
5,2,0,1,96,0,4060,56,0,0,4,99900,8,864,87,1,1,0,0,1,0,0,0,0,0,0,1,0,0,1,1,0,1,0,1,1,0,0,0,0,0,0,0,0,0,0,1,0,0,1,0,0,1,1,0,1,1,0,0,0,1,0,181
10,3,3,2,292,5644,63887,313,1,214,12,160000,5,5642,0,1,0,0,0,0,0,1,0,0,0,0,0,1,0,1,0,1,1,0,1,0,0,0,0,0,0,0,0,0,0,1,0,0,0,0,0,1,0,1,0,1,1,0,0,0,1,0,182
7,3,0,2,40,0,3363,32,0,0,7,130000,5,1708,2,1,0,1,0,0,0,1,0,0,0,1,0,0,0,1,1,0,0,1,1,0,0,0,0,0,0,0,0,1,0,0,1,0,1,0,0,0,1,1,0,1,1,0,0,1,1,0,183
4,3,1,1,36,732,8190,60,0,0,5,119000,6,948,53,1,0,0,1,1,0,0,0,0,0,1,0,0,0,1,1,1,1,0,1,1,0,0,0,0,0,0,0,1,0,0,1,0,0,1,0,0,0,1,1,0,1,0,0,0,1,0,184
4,3,0,1,0,492,10215,75,0,0,5,111000,5,948,53,1,0,0,1,1,0,0,0,0,0,0,0,0,0,1,1,1,1,0,1,1,0,0,0,0,0,0,0,1,0,0,1,0,0,1,0,0,0,1,0,1,1,0,0,0,1,0,185
4,2,1,1,0,690,8877,67,0,0,3,100000,6,816,71,1,0,0,1,1,0,0,0,0,0,1,0,0,0,1,1,0,0,0,1,1,0,0,0,0,0,0,0,1,0,0,1,0,0,1,0,0,0,1,1,0,1,0,0,0,1,0,186
5,3,0,2,68,408,10998,60,0,0,6,117000,5,1604,68,1,0,0,1,0,0,0,0,0,0,1,0,0,0,1,1,0,1,0,1,1,0,0,0,0,0,0,0,1,0,0,1,0,0,1,1,0,0,1,1,0,1,0,0,0,1,0,187
3,2,0,1,0,203,8212,45,0,0,5,58500,3,864,96,0,0,0,1,1,0,0,0,0,1,1,0,0,0,1,1,0,1,0,1,1,0,0,0,0,0,0,0,1,0,0,1,0,0,1,0,0,0,0,0,0,0,0,0,0,1,0,188
6,2,0,1,0,204,9060,60,0,0,6,105000,5,1258,70,1,0,0,1,0,0,0,0,0,1,1,0,0,1,0,1,0,1,0,1,1,0,0,0,0,0,0,0,1,0,0,1,0,0,1,0,0,0,1,0,0,1,0,0,0,1,0,189
4,2,0,1,24,0,11767,70,1,168,6,112000,7,1346,97,0,1,0,0,0,0,1,0,1,0,1,0,0,0,1,1,0,0,0,1,1,0,0,0,0,0,0,0,1,0,0,1,0,0,1,0,0,1,1,1,0,1,0,0,0,1,0,190
7,2,2,2,0,0,6120,51,0,90,8,129900,5,1774,77,1,0,0,1,0,0,0,0,1,0,1,0,0,0,1,1,0,1,0,1,1,0,0,0,0,0,0,0,1,0,0,1,0,0,1,0,0,1,1,0,0,0,0,0,0,0,1,191
4,2,0,2,0,0,4456,33,0,0,8,113000,5,1452,89,1,0,0,1,0,0,1,0,1,0,0,1,0,0,0,0,0,0,0,1,1,0,0,0,0,0,0,0,1,0,0,1,0,0,1,0,0,1,1,0,0,1,1,0,0,0,1,192
4,2,0,1,0,0,4608,47,0,0,4,80000,6,747,65,1,0,0,1,1,0,0,0,0,1,0,0,0,0,1,1,0,0,0,0,1,0,0,0,0,0,0,0,0,0,0,1,0,0,1,0,0,1,1,1,0,1,0,0,0,0,1,193
3,3,0,2,0,0,5790,60,0,0,8,107400,6,1605,95,0,1,0,0,0,0,1,0,1,0,1,0,0,0,1,1,1,0,1,0,0,0,0,0,0,0,0,0,0,0,0,1,0,0,1,0,0,1,1,1,0,1,0,0,0,0,1,194
6,4,1,2,0,1046,7200,60,0,0,9,133900,6,2291,97,0,0,0,1,0,1,0,0,0,0,1,0,0,0,1,1,1,0,0,1,1,0,1,0,0,0,0,0,0,0,0,1,0,0,1,0,0,0,0,0,0,1,1,0,0,0,1,195
4,2,0,1,0,0,10800,60,0,0,6,100000,7,1047,122,1,1,0,0,1,0,0,0,1,0,1,0,0,0,0,1,1,0,1,1,1,0,0,0,0,0,0,0,1,0,0,1,0,0,1,0,0,1,1,0,0,1,0,0,0,0,1,196
5,2,0,1,0,104,6000,50,0,0,5,115000,5,789,60,1,0,0,1,1,0,0,0,0,0,1,0,0,0,1,1,0,0,1,1,1,0,0,0,0,0,0,0,1,0,0,1,0,0,1,0,0,0,1,1,0,1,0,0,0,0,1,197
5,3,1,1,0,116,4388,55,0,0,5,87000,7,840,77,1,0,0,1,0,0,0,0,0,0,0,1,0,0,0,1,0,1,0,0,1,0,0,0,0,0,0,0,1,0,0,0,0,0,1,1,0,0,1,0,0,1,0,0,0,0,1,198
6,4,0,1,0,0,11340,84,0,0,7,125000,5,1200,83,1,0,0,1,1,0,0,0,0,1,1,0,0,0,1,1,0,1,0,1,1,0,0,0,0,0,0,0,0,0,0,1,0,0,1,0,0,1,1,0,0,0,0,0,0,0,1,199
6,3,0,2,0,370,5400,40,0,0,5,152000,7,1616,81,1,0,0,1,1,0,0,0,1,0,1,0,0,0,1,1,0,0,0,0,1,0,0,0,0,0,0,0,0,0,0,1,0,1,0,1,0,0,1,0,0,0,0,0,0,0,1,200
5,2,0,1,0,360,12358,67.6827309236948,1,237,7,128500,6,1382,66,1,0,0,1,0,0,0,0,0,1,1,0,0,0,1,1,0,0,0,1,1,0,0,0,0,0,0,0,1,0,0,0,0,0,1,0,0,0,1,1,0,1,0,0,0,0,1,201
5,2,0,1,0,0,8520,60,0,0,5,100000,6,968,84,1,0,0,1,1,0,0,0,0,1,1,0,0,0,0,1,0,1,0,1,0,0,0,0,0,0,0,0,1,0,0,1,0,0,1,0,0,1,1,1,0,1,0,0,0,0,1,202
7,3,0,2,238,0,11426,63,1,280,6,200000,5,2082,5,1,0,1,0,0,0,0,0,0,0,1,0,0,0,0,1,0,0,1,1,1,0,0,0,0,0,0,0,1,0,0,1,0,1,0,0,0,1,1,0,1,1,0,0,0,0,1,203
10,4,2,2,260,0,22950,90,1,0,12,475000,9,3608,114,1,0,0,1,0,1,0,0,0,0,1,0,1,0,1,1,0,1,0,0,0,0,0,0,0,0,0,0,1,1,0,0,0,0,0,0,0,1,1,0,0,1,0,0,0,0,1,204
6,5,0,1,198,0,5520,92,0,0,8,104000,6,2229,97,1,0,0,1,0,1,0,0,0,0,0,1,0,0,1,1,0,1,0,1,1,0,0,0,0,0,0,0,0,0,0,1,0,0,1,0,0,1,1,1,0,1,0,0,0,0,1,205
6,2,0,2,0,617,7000,50,0,0,6,112000,6,1310,82,1,1,0,0,0,0,0,0,1,0,0,0,0,0,1,0,0,0,0,0,1,0,0,0,0,0,0,0,0,0,0,1,0,0,1,1,0,0,1,0,0,1,0,0,0,0,1,206
5,2,0,1,35,312,3500,50,1,0,5,110000,7,1284,62,1,0,0,1,0,0,0,0,0,1,1,0,0,0,1,1,0,1,0,1,1,0,0,0,0,0,0,0,1,0,0,1,0,0,1,1,0,0,1,1,0,1,0,0,0,0,1,207
4,3,0,1,172,0,9906,57,0,0,8,107000,4,1328,81,0,0,0,1,0,0,1,1,0,0,1,0,0,0,1,1,0,0,0,1,1,0,0,0,0,0,0,0,1,0,0,1,0,0,1,0,0,1,1,1,0,1,0,0,0,0,1,208
5,2,0,1,42,329,3880,40,0,58,4,110500,9,866,62,1,0,0,1,1,0,0,0,1,0,0,1,0,0,1,1,0,0,1,0,1,0,0,0,0,0,0,0,1,0,0,1,0,1,0,0,0,0,1,1,0,1,0,0,0,0,1,209
6,4,0,2,60,0,9142,69,0,0,9,137000,8,1928,96,0,1,0,0,0,0,1,0,1,0,1,0,0,0,1,1,0,1,0,1,1,0,0,0,0,0,0,0,1,0,0,1,1,0,0,0,0,1,1,0,0,0,1,0,0,0,1,210
5,2,0,1,45,0,12702,70,0,0,4,97000,5,882,52,1,0,0,1,1,0,0,0,1,0,1,0,0,0,1,1,0,1,0,1,1,0,0,0,0,0,0,0,1,0,0,1,0,0,1,0,0,1,0,0,1,0,0,0,0,0,1,211
5,3,0,1,0,234,5500,50,0,0,6,130000,7,1316,81,1,0,0,1,0,0,0,0,0,1,1,0,0,0,1,1,0,1,0,1,1,0,0,0,0,0,0,0,0,0,0,1,0,0,1,1,0,0,1,0,0,1,0,0,0,0,1,212
5,2,0,1,0,0,5232,30,0,0,4,73000,5,764,83,0,1,0,0,1,0,0,0,1,0,1,0,0,0,0,1,0,1,0,1,1,0,0,0,0,0,0,0,1,0,1,0,0,0,1,0,0,1,1,0,0,0,0,0,0,0,1,213
7,3,1,3,0,0,18386,87,0,302,10,295000,9,3493,128,1,0,0,1,0,1,0,0,0,0,0,0,0,0,1,1,0,1,0,1,1,0,0,0,0,0,0,0,1,0,0,1,0,1,0,0,0,1,1,0,0,1,0,0,0,0,1,214
7,3,1,1,0,16,9600,60,1,0,6,178000,7,1641,81,1,0,0,1,0,0,1,0,0,0,1,0,0,0,1,1,0,1,0,1,1,0,0,0,0,0,0,0,1,0,0,1,0,0,0,1,0,0,0,0,0,1,0,0,0,0,1,215
3,3,0,1,98,256,5820,49,0,142,6,126175,8,1163,51,1,0,0,1,1,0,0,0,0,0,0,0,0,0,1,1,0,0,1,0,1,0,0,0,0,0,0,0,1,0,0,1,0,0,1,0,0,0,1,1,0,1,0,0,0,0,1,216
6,2,0,1,0,0,8520,60,0,106,5,105900,8,720,82,1,0,0,1,1,0,0,0,1,0,1,0,0,0,1,1,0,0,1,0,1,0,0,0,0,0,0,0,1,0,0,1,0,0,1,0,0,1,1,0,0,1,0,0,0,0,1,217
5,2,0,1,39,0,10134,60,0,0,5,109000,6,1034,67,1,0,0,1,0,0,0,0,1,0,1,0,0,0,1,1,0,0,0,1,1,0,0,0,0,0,0,0,1,0,0,1,0,0,1,0,0,1,1,1,0,0,0,0,0,0,1,218
7,3,2,1,0,0,3378,60,1,0,6,135000,8,1389,63,1,0,0,1,0,0,1,0,1,0,1,0,0,1,0,1,0,1,0,0,1,0,0,0,0,0,0,0,1,0,0,1,0,0,1,0,0,1,1,1,0,1,0,0,0,0,1,219
6,2,0,1,0,0,4400,40,0,0,6,116000,8,1118,86,1,1,0,0,0,0,0,0,0,1,1,0,0,0,1,1,0,1,0,1,1,0,0,0,0,0,0,0,1,0,0,1,0,0,1,0,0,1,1,0,0,0,0,0,0,0,1,220
3,2,0,1,176,331,6000,50,1,0,6,120000,7,1183,59,1,0,0,1,0,0,0,0,0,0,1,0,0,0,1,1,0,0,0,0,1,0,0,0,0,0,0,0,1,0,0,1,0,0,1,0,0,0,1,1,0,1,0,0,0,0,1,221
6,2,0,1,113,0,5684,70,0,0,5,110000,8,813,76,1,0,0,1,1,0,0,0,0,0,1,0,0,0,0,1,1,1,0,1,1,0,0,0,0,0,0,0,1,0,0,1,0,1,0,0,0,1,1,0,0,0,0,0,0,0,1,222
5,4,0,1,0,0,4571,34,0,0,7,98000,5,1344,92,0,0,0,1,0,0,1,1,0,0,1,0,0,0,1,0,0,1,0,1,1,0,0,0,0,0,0,0,1,0,0,1,0,0,1,0,0,1,1,0,0,1,0,0,0,0,1,223
4,2,0,1,72,168,5925,50,0,0,7,89471,7,1131,70,1,1,0,0,1,0,0,0,0,1,1,0,0,0,1,1,1,1,0,1,1,0,0,0,0,0,0,0,1,0,0,1,0,0,1,0,0,0,1,0,0,1,0,0,0,0,1,224
5,3,1,2,0,664,10800,60,0,142,10,160000,4,2414,106,0,0,0,1,0,0,0,0,0,1,0,0,0,0,0,0,0,1,0,1,1,0,0,0,0,0,0,0,0,0,0,1,0,0,1,1,0,0,0,1,0,0,1,0,0,0,1,225
5,2,0,1,20,0,5784,50,0,144,4,91300,8,886,71,1,1,0,0,1,0,0,0,1,0,0,0,0,0,1,1,0,0,0,1,1,0,0,0,0,0,0,0,1,0,0,1,0,0,1,0,0,1,1,0,0,0,0,0,0,0,1,226
5,4,0,2,0,0,7596,60,0,0,10,124500,5,1960,57,1,0,0,1,0,0,1,0,1,0,1,0,0,0,0,0,1,1,0,1,1,0,0,0,0,0,0,0,1,0,0,1,0,0,1,0,0,1,1,1,0,1,0,1,0,0,1,227
4,3,0,2,114,0,10800,60,0,220,7,106250,7,1294,108,0,0,0,1,0,0,1,0,0,1,0,1,0,0,0,1,0,0,0,1,1,0,0,0,0,0,0,0,1,0,0,1,0,0,1,0,0,1,0,0,0,0,1,0,0,0,1,228
5,2,0,1,50,180,8235,49,0,140,4,125000,7,825,53,1,0,0,1,1,0,0,0,0,1,1,0,0,0,1,1,0,0,0,0,1,0,0,0,0,0,0,0,1,0,0,0,0,0,1,1,0,0,1,1,0,1,0,0,0,0,1,229
5,3,0,1,0,308,6000,50,0,0,5,112500,6,928,51,1,0,0,1,1,0,0,0,1,0,0,0,0,0,1,1,1,1,0,1,1,0,0,0,0,0,0,0,1,0,0,1,0,0,1,0,0,0,1,1,0,0,0,0,0,0,1,230
5,4,0,2,0,0,12150,81,0,0,7,131500,5,1795,54,0,0,0,1,0,0,0,0,0,0,0,0,0,0,1,1,0,0,0,1,1,0,0,0,0,0,0,0,1,0,0,1,0,0,1,0,0,1,1,0,0,0,0,0,0,0,1,231
6,3,0,1,158,0,3600,60,0,0,7,114504,7,1368,96,0,0,0,1,0,0,1,0,0,0,1,0,0,0,0,1,0,0,1,1,1,0,0,0,0,0,0,0,1,0,0,1,0,0,1,0,0,1,1,1,0,0,0,0,0,0,1,232
5,3,0,1,0,0,9000,50,0,0,8,124000,6,1750,126,1,1,0,0,0,0,1,0,0,1,1,0,0,0,0,1,0,0,1,1,1,0,0,0,0,0,0,0,0,0,0,1,0,0,0,0,0,1,0,0,0,0,0,0,0,0,1,233
5,3,0,2,0,0,6000,50,0,0,7,93000,4,1387,55,1,0,0,1,0,0,0,0,0,1,0,0,0,0,1,1,0,1,0,1,1,0,0,0,0,0,0,0,1,0,0,1,0,1,0,0,0,1,1,1,0,0,1,0,0,0,1,234
5,2,0,1,0,0,9022,52,0,316,5,109500,8,792,85,1,0,0,1,1,0,0,0,0,0,1,0,0,0,0,1,0,0,1,1,0,0,0,0,0,0,0,0,1,0,0,1,0,1,0,0,0,1,1,0,0,1,0,0,0,0,1,235
7,3,0,1,48,0,10800,60,1,0,8,159500,8,2554,117,1,0,0,1,0,0,1,0,0,0,1,0,0,1,0,1,0,1,0,0,1,0,0,0,0,0,0,0,1,0,0,1,0,0,1,0,0,1,1,0,0,1,0,0,0,0,1,236
7,2,2,1,341,390,10800,60,1,0,6,163000,7,1768,92,0,0,1,0,0,1,0,1,0,0,1,0,0,0,0,1,0,1,0,1,1,0,1,0,0,0,0,0,1,0,0,1,0,0,1,0,0,0,1,0,0,1,0,0,0,0,1,237
5,2,0,2,0,0,9600,60,0,270,7,132000,7,1432,97,1,1,0,0,0,0,1,0,0,0,1,0,0,0,1,1,0,1,0,0,1,0,0,0,0,0,0,0,1,0,0,1,0,0,1,0,0,1,0,0,0,1,0,0,0,0,1,238
7,4,1,1,0,0,11700,65,1,181,8,265979,7,2640,129,0,0,0,1,0,0,1,0,0,1,1,0,0,0,0,1,1,1,0,1,0,0,1,0,0,0,0,0,0,0,0,0,0,1,0,0,0,1,0,0,0,1,0,0,0,0,1,239
6,3,1,2,291,0,6300,35,0,0,9,128000,6,1484,94,1,0,0,1,0,1,0,0,0,0,0,1,0,0,1,1,0,1,0,1,1,0,0,0,0,0,0,0,1,0,0,1,0,0,1,0,0,1,1,1,0,1,0,0,0,0,1,240
5,4,0,2,0,686,10800,60,0,0,7,139000,6,1652,95,1,1,0,0,0,0,0,0,0,1,1,0,0,0,1,1,0,0,0,0,1,0,0,0,0,0,0,0,1,0,0,1,0,0,1,1,0,0,1,0,1,1,0,0,0,0,1,241
4,2,0,1,0,0,6000,50,0,0,4,107900,7,901,54,1,0,0,1,1,0,0,0,0,0,1,0,0,0,1,1,0,0,0,1,1,0,0,0,0,0,0,0,0,0,0,1,0,0,1,0,0,1,1,1,0,1,0,0,0,0,1,242
5,2,0,2,156,0,8100,90,0,40,11,106000,5,2138,111,0,0,0,1,0,1,0,0,0,1,1,0,0,0,0,1,1,1,0,1,1,0,0,0,0,0,0,0,0,0,0,1,0,0,1,0,0,1,1,0,1,0,0,0,0,0,1,243
4,2,0,1,32,0,6000,60,0,0,4,93000,4,936,56,0,1,0,0,1,0,0,0,0,1,1,0,0,0,1,1,0,0,0,1,1,0,0,0,0,0,0,0,1,0,0,1,0,0,1,0,0,1,1,1,0,1,1,0,0,0,1,244
5,2,0,1,116,338,8100,90,0,0,5,153500,6,1559,59,1,0,0,1,1,0,0,0,1,0,1,0,0,0,1,0,0,0,1,1,1,0,0,0,0,0,0,0,1,0,0,1,0,0,1,0,0,0,1,0,0,1,0,0,0,0,1,245
5,3,1,2,78,0,10440,60,0,70,8,157500,8,1539,104,1,0,0,1,0,0,1,0,1,0,1,0,0,1,0,1,0,0,0,1,1,0,0,0,0,0,0,0,1,0,0,1,0,1,0,0,0,1,1,0,1,1,0,0,0,0,1,246
5,4,1,1,0,0,12665,100,1,418,7,153900,8,1416,93,1,0,0,1,0,0,0,0,1,0,1,0,0,0,1,1,0,1,0,1,1,0,0,0,0,0,0,0,1,0,0,0,0,0,1,0,0,1,1,0,0,1,0,0,0,0,1,247
5,3,0,1,0,0,5720,52,1,26,5,66500,6,1131,68,1,0,0,1,0,0,0,0,0,0,1,0,0,0,1,1,0,1,0,1,1,0,0,0,0,0,0,0,1,0,0,1,0,0,1,0,0,1,1,1,0,1,0,0,0,0,1,248
5,2,0,1,0,1088,8820,98,0,48,7,124900,6,1869,119,1,0,0,1,0,0,0,0,0,1,1,0,0,0,1,1,1,0,1,1,1,0,0,0,0,0,0,0,0,0,0,1,0,0,1,1,0,0,1,0,0,1,0,0,0,0,1,249
3,2,0,1,0,0,5925,50,0,0,6,37900,6,968,99,0,0,0,1,0,0,0,1,0,0,0,1,0,0,1,1,0,0,1,1,1,0,0,1,0,0,0,0,1,0,0,1,0,0,1,0,0,1,1,0,0,1,0,0,0,0,1,250
6,2,0,1,0,0,5310,59,0,394,5,117000,8,1635,96,1,0,0,1,0,0,0,0,1,0,0,0,0,0,1,1,1,0,1,0,1,0,0,0,0,0,0,0,0,0,0,1,0,1,0,0,0,1,0,1,0,1,0,0,0,0,1,251
8,4,1,1,169,216,17671,121,1,0,8,168000,9,1742,127,1,0,0,1,0,0,1,0,1,0,0,0,0,1,0,1,0,1,0,0,0,0,0,0,0,0,0,0,0,0,0,1,0,1,0,1,0,0,1,0,0,1,0,0,0,0,1,252
5,2,0,1,20,0,5400,60,0,0,4,86000,6,691,87,1,1,0,0,1,0,0,0,0,0,1,0,0,0,0,1,0,1,0,1,1,0,0,0,0,0,0,0,0,0,0,1,0,0,0,0,0,1,1,0,0,0,0,0,0,0,1,253
5,2,0,1,0,324,9439,52,0,0,6,87000,5,1248,77,1,0,0,1,0,0,0,0,1,0,1,0,0,0,1,1,0,1,0,1,1,0,0,0,0,0,0,0,1,0,0,1,0,0,1,1,0,0,1,1,0,0,0,0,0,0,1,254
5,5,0,2,57,0,13600,85,0,0,10,90000,5,2337,107,0,0,0,1,0,0,1,0,0,1,1,0,0,0,1,1,0,1,0,1,1,0,0,0,0,0,0,0,1,0,0,1,0,0,1,0,0,1,1,0,0,1,1,0,0,0,1,255
5,3,1,2,21,626,10800,60,0,436,7,170000,8,1466,70,1,1,0,0,0,0,0,0,1,0,0,0,0,0,1,1,0,1,0,1,1,0,0,0,0,0,0,0,1,0,0,1,0,1,0,0,0,0,1,1,0,1,0,0,0,0,1,256
5,2,0,1,0,415,5400,90,0,0,4,117000,7,833,52,1,0,0,1,1,0,0,0,0,0,1,0,0,0,1,1,0,0,0,0,1,0,0,0,0,0,0,0,1,0,0,1,0,1,0,0,0,0,1,1,0,1,0,0,0,0,1,257
7,2,1,1,0,0,5700,67.6827309236948,0,0,5,116900,7,1111,82,1,0,0,1,0,0,0,0,0,1,1,0,0,0,1,1,0,1,0,1,1,0,0,0,0,0,0,0,1,0,0,1,0,0,1,0,0,1,1,0,1,1,0,0,0,0,1,258
7,3,0,1,0,624,9000,50,0,0,7,143000,9,1482,89,1,0,0,1,0,0,1,0,0,0,1,0,0,0,1,1,1,0,1,0,1,0,0,0,0,0,0,0,1,0,0,1,0,0,1,0,0,0,1,0,1,1,0,0,0,0,1,259
6,3,0,1,0,468,3950,67.6827309236948,0,0,5,115000,8,1224,83,1,0,0,1,0,0,0,0,0,1,1,0,0,0,0,1,0,0,0,1,1,0,0,0,0,0,0,0,1,0,0,1,0,0,1,0,0,0,1,1,0,1,0,0,0,0,1,260
5,2,1,1,0,821,10800,60,0,229,5,120000,6,1130,86,1,0,0,1,1,0,0,0,0,0,1,0,0,0,1,1,1,1,0,1,1,0,0,0,0,0,0,0,1,0,0,1,0,0,1,0,0,0,1,0,0,1,0,0,0,0,1,261
3,3,0,2,74,440,10615,107,0,0,7,95000,5,1699,109,1,1,0,0,0,0,1,0,0,1,1,0,0,0,1,1,0,1,0,1,1,0,0,0,0,0,0,0,0,0,0,0,0,0,1,1,0,0,1,1,0,1,1,0,0,0,1,262
5,3,0,1,0,0,9600,60,0,0,6,125000,8,1472,82,1,0,0,1,0,0,0,0,1,0,1,0,0,1,0,1,1,0,1,1,1,0,0,0,0,0,0,0,1,0,0,1,0,1,0,0,0,1,1,0,1,1,0,0,0,0,1,263
7,3,1,1,0,0,8850,65,0,0,7,144000,6,1690,90,1,0,0,1,0,1,0,0,0,0,1,0,0,0,1,0,0,0,0,1,1,0,0,0,0,0,0,0,0,0,0,0,0,0,1,0,0,1,1,0,0,1,0,0,0,0,1,264
7,4,1,1,0,0,10120,60,1,0,9,122000,4,1889,97,0,0,0,1,0,1,0,0,0,1,1,0,0,0,0,1,1,1,0,1,1,0,0,0,0,0,0,0,1,0,0,0,0,0,1,0,0,1,1,1,0,0,1,0,0,0,1,265
5,4,0,2,287,0,6600,60,0,0,11,107500,4,2372,117,0,0,0,1,0,0,1,0,0,1,0,0,0,0,1,1,0,1,0,1,1,0,0,0,0,0,0,0,0,0,0,1,0,0,1,0,0,1,1,0,0,1,0,0,0,0,1,266
5,2,0,1,36,144,12000,100,0,0,6,147000,7,1122,60,1,0,0,1,1,0,0,0,0,0,0,0,0,0,1,1,0,0,0,1,1,0,0,0,0,0,0,0,1,0,0,1,0,1,0,0,1,0,1,1,0,1,0,0,0,0,1,267
6,5,2,2,547,493,10440,60,0,0,8,256000,7,2792,88,1,0,1,0,0,0,0,0,0,0,1,0,0,0,1,1,0,1,0,0,0,0,1,0,0,0,0,0,0,0,0,1,0,0,1,1,0,0,1,0,0,1,0,0,0,0,1,268
4,2,0,1,20,0,4118,153,0,0,4,52500,4,693,65,0,0,0,1,1,0,0,1,0,0,0,1,0,0,0,1,0,1,0,1,1,0,0,1,0,0,0,0,0,0,0,0,1,0,0,0,0,1,1,1,0,0,0,0,0,0,1,269
8,4,0,2,54,259,5250,50,0,0,8,122000,5,2358,136,0,0,0,1,0,0,1,1,0,0,0,1,0,0,1,1,0,0,0,0,1,0,0,0,1,0,0,0,1,0,0,1,0,0,1,1,0,0,0,0,0,1,0,0,0,0,1,270
4,2,0,1,0,315,5400,90,0,0,6,105000,6,1374,89,1,0,0,1,0,0,0,0,0,0,1,0,0,0,1,1,0,1,0,1,1,0,0,0,0,0,0,0,0,0,0,1,0,0,1,0,0,0,1,0,1,1,0,0,0,0,1,271
7,4,0,1,0,0,7200,60,1,36,8,157000,7,1762,86,1,1,0,0,0,0,1,0,0,0,1,0,0,0,0,1,1,1,0,1,1,0,0,0,0,0,0,0,0,0,0,1,0,1,0,0,0,1,1,0,0,1,0,0,0,0,1,272
6,5,1,2,15,168,8520,60,0,88,10,136000,7,2526,91,0,0,0,1,0,0,0,0,0,1,1,0,0,0,1,0,0,1,0,0,1,0,1,0,0,0,0,0,1,0,0,1,0,1,0,0,0,0,1,0,0,1,0,0,0,0,1,273
6,3,1,2,25,0,10800,60,0,0,7,163000,7,1912,103,0,1,0,0,0,0,0,0,0,0,1,0,0,0,1,1,0,1,0,1,1,0,0,0,0,0,0,0,1,0,0,1,0,0,1,0,0,1,1,0,0,1,1,0,0,0,1,274
3,3,0,1,0,0,10410,60,0,216,6,105000,4,1214,91,1,0,0,1,0,0,0,0,0,1,1,0,0,0,1,1,0,1,0,1,1,0,0,0,0,0,0,0,0,0,0,1,0,0,1,0,0,1,1,0,1,1,0,0,0,0,1,275
4,3,0,1,0,0,7740,60,0,0,6,125500,7,1363,100,1,1,0,0,0,0,1,0,1,0,1,0,0,0,1,1,0,0,1,1,1,0,0,0,0,0,0,0,1,0,0,1,0,0,1,0,0,1,1,1,0,1,0,0,0,0,1,276
4,4,0,2,0,0,11340,60,0,0,11,122500,6,2290,125,1,0,0,1,0,0,1,0,1,0,1,0,0,0,0,1,0,0,1,1,1,0,0,0,0,0,0,0,1,0,0,1,0,0,1,0,0,1,1,0,1,1,1,0,0,0,1,277
5,2,2,1,0,510,7200,60,0,0,4,119000,7,804,70,1,0,0,1,1,0,0,0,0,1,0,0,0,0,1,1,0,0,0,0,1,0,0,0,0,0,0,0,0,0,0,1,0,1,0,1,0,0,1,1,0,1,0,0,0,0,1,278
5,2,0,1,0,1088,8820,98,0,48,7,124900,6,1869,119,1,0,0,1,0,0,0,0,0,1,1,0,0,0,1,1,1,0,1,1,1,0,0,0,0,0,0,0,0,0,0,1,0,0,1,1,0,0,1,0,0,1,0,0,0,0,1,279
